gamma,r2_test,n_features
1.0,0.3293822931793269,35
2.0,0.3291840582466391,33
3.0,0.32855516067870016,30
5.0,0.32842417169313565,30
10.0,0.3279450421830912,28
15.0,0.32780917563196466,27
20.0,0.3278075243760289,27
30.0,0.3278004938616904,27
40.0,0.32777031241677357,27
